fileName,maxDistence,minDistence,maxRating,minRating,webpullstatus,CategoryAlias,City,Latitude,Longitude,MaxQtyVotes,MinQtyVotes,PotentialMatches
BusinessSearchResults--Paris France--active.json,3.977711073019201E+04,2.9533439540314873E+02,5E+00,2.5E+00,200,active,Paris France,4.88566E+01,2.3522E+00,662,35,1400
BusinessSearchResults--Paris France--fitness.json,1.110669515474411E+04,3.9941246569383924E+02,4.5E+00,1.5E+00,200,fitness,Paris France,4.88566E+01,2.3522E+00,28,6,342
BusinessSearchResults--Paris France--arts.json,1.7920024026145693E+04,3.359939283304556E+02,4.5E+00,3E+00,200,arts,Paris France,4.88566E+01,2.3522E+00,1971,84,2200
BusinessSearchResults--Paris France--movietheaters.json,3.154329993171276E+04,5.487217082126094E+02,4.5E+00,2E+00,200,movietheaters,Paris France,4.88566E+01,2.3522E+00,189,21,250
BusinessSearchResults--Paris France--museums.json,9.27590895456711E+03,3.359939283304556E+02,4.5E+00,3E+00,200,museums,Paris France,4.88566E+01,2.3522E+00,1971,31,244
BusinessSearchResults--Paris France--wineries.json,2.5165452398885016E+04,5.703775949273324E+02,5E+00,1E+00,200,wineries,Paris France,4.88566E+01,2.3522E+00,41,1,31
BusinessSearchResults--Paris France--social_clubs.json,3.1637349881871294E+04,2.233935523430869E+00,5E+00,1E+00,200,social_clubs,Paris France,4.88566E+01,2.3522E+00,10,1,39
BusinessSearchResults--Paris France--auto.json,4.6181694477557474E+04,9.381121979873784E+02,5E+00,1E+00,200,auto,Paris France,4.88566E+01,2.3522E+00,23,3,595
BusinessSearchResults--Paris France--beautysvc.json,7.792474564533827E+03,3.0286727981054673E+02,5E+00,3E+00,200,beautysvc,Paris France,4.88566E+01,2.3522E+00,138,18,2600
BusinessSearchResults--Paris France--hair.json,6.226368249339428E+03,2.9632096277452115E+02,5E+00,2.5E+00,200,hair,Paris France,4.88566E+01,2.3522E+00,48,8,1100
BusinessSearchResults--Paris France--othersalons.json,1.2626622920031978E+04,7.412409480432306E+02,5E+00,1E+00,200,othersalons,Paris France,4.88566E+01,2.3522E+00,76,4,248
BusinessSearchResults--Paris France--tanning.json,3.0838385839180708E+04,4.8738951875631096E+02,5E+00,1E+00,200,tanning,Paris France,4.88566E+01,2.3522E+00,9,1,49
BusinessSearchResults--Paris France--education.json,1.7971395479806804E+04,3.556673371722027E+02,5E+00,2.5E+00,200,education,Paris France,4.88566E+01,2.3522E+00,203,6,800
BusinessSearchResults--Paris France--artclasses.json,7.634724408226569E+03,7.691368879899226E+02,5E+00,3E+00,200,artclasses,Paris France,4.88566E+01,2.3522E+00,4,1,15
BusinessSearchResults--Paris France--specialtyschools.json,2.5069487982420866E+04,3.556673371722027E+02,5E+00,1E+00,200,specialtyschools,Paris France,4.88566E+01,2.3522E+00,203,4,386
BusinessSearchResults--Paris France--eventservices.json,2.2738026672420983E+04,4.729297094399777E+02,5E+00,3E+00,200,eventservices,Paris France,4.88566E+01,2.3522E+00,306,51,3100
BusinessSearchResults--Paris France--photographers.json,7.577800040166254E+03,2.233935523430869E+00,5E+00,3.5E+00,200,photographers,Paris France,4.88566E+01,2.3522E+00,222,3,136
BusinessSearchResults--Paris France--financialservices.json,4.50607715759416E+04,1.780620497789144E+02,5E+00,1E+00,200,financialservices,Paris France,4.88566E+01,2.3522E+00,23,2,264
BusinessSearchResults--Paris France--insurance.json,4.50607715759416E+04,1.780620497789144E+02,5E+00,1E+00,200,insurance,Paris France,4.88566E+01,2.3522E+00,6,1,49
BusinessSearchResults--Paris France--banks.json,3.541285040831464E+04,5.155664408455112E+02,5E+00,1E+00,200,banks,Paris France,4.88566E+01,2.3522E+00,9,1,155
BusinessSearchResults--Paris France--health.json,2.278424094485358E+04,3.3254411515702077E+02,5E+00,1.5E+00,200,health,Paris France,4.88566E+01,2.3522E+00,157,8,2900
BusinessSearchResults--Paris France--c_and_mh.json,3.725281704118445E+04,9.272136964931434E+02,5E+00,1E+00,200,c_and_mh,Paris France,4.88566E+01,2.3522E+00,5,1,91
BusinessSearchResults--Paris France--dentists.json,4.281648379097979E+04,1.501035383847097E+03,5E+00,2E+00,200,dentists,Paris France,4.88566E+01,2.3522E+00,16,2,461
BusinessSearchResults--Paris France--physicians.json,1.319999648575113E+04,9.986760108519455E+02,5E+00,1E+00,200,physicians,Paris France,4.88566E+01,2.3522E+00,21,4,1300
BusinessSearchResults--Paris France--medcenters.json,3.1008432573964426E+04,6.16829527202513E+02,5E+00,1E+00,200,medcenters,Paris France,4.88566E+01,2.3522E+00,7,1,78
BusinessSearchResults--Paris France--homeservices.json,3.371697670495022E+04,4.7050849421609314E+02,5E+00,1E+00,200,homeservices,Paris France,4.88566E+01,2.3522E+00,106,4,979
BusinessSearchResults--Paris France--contractors.json,4.106395098929607E+04,2.233935523430869E+00,5E+00,1E+00,200,contractors,Paris France,4.88566E+01,2.3522E+00,6,1,42
BusinessSearchResults--Paris France--electricians.json,4.442686571612304E+04,5.925518679411673E+02,5E+00,1E+00,200,electricians,Paris France,4.88566E+01,2.3522E+00,7,1,41
BusinessSearchResults--Paris France--painters.json,3.191233342421783E+04,9.074834529670849E+02,5E+00,1E+00,200,painters,Paris France,4.88566E+01,2.3522E+00,3,1,29
BusinessSearchResults--Paris France--plumbing.json,3.81981720878295E+04,9.798553726867559E+01,5E+00,1E+00,200,plumbing,Paris France,4.88566E+01,2.3522E+00,7,1,72
BusinessSearchResults--Paris France--hotelstravel.json,2.334660882697799E+04,2.5411220285516018E+02,5E+00,2E+00,200,hotelstravel,Paris France,4.88566E+01,2.3522E+00,855,66,3200
BusinessSearchResults--Paris France--tours.json,1.6988382219840263E+04,2.5411220285516018E+02,5E+00,1E+00,200,tours,Paris France,4.88566E+01,2.3522E+00,252,10,158
BusinessSearchResults--Paris France--transport.json,2.3086619828298168E+04,2.233935523430869E+00,5E+00,1E+00,200,transport,Paris France,4.88566E+01,2.3522E+00,298,9,378
BusinessSearchResults--Paris France--localflavor.json,4.1737354527850395E+04,2.233935523430869E+00,5E+00,3E+00,200,localflavor,Paris France,4.88566E+01,2.3522E+00,429,1,58
BusinessSearchResults--Paris France--localservices.json,2.9136572160152387E+04,3.556673371722027E+02,5E+00,1E+00,200,localservices,Paris France,4.88566E+01,2.3522E+00,256,5,1200
BusinessSearchResults--Paris France--massmedia.json,1.6718779339452878E+04,9.595110020295467E+02,5E+00,1E+00,200,massmedia,Paris France,4.88566E+01,2.3522E+00,5,2,164
BusinessSearchResults--Paris France--nightlife.json,6.757005020988052E+03,3.1544227717260736E+02,4.5E+00,3E+00,200,nightlife,Paris France,4.88566E+01,2.3522E+00,643,138,3400
BusinessSearchResults--Paris France--bars.json,6.757005020988052E+03,3.1544227717260736E+02,4.5E+00,3E+00,200,bars,Paris France,4.88566E+01,2.3522E+00,643,138,3000
BusinessSearchResults--Paris France--danceclubs.json,1.1026373601571218E+04,4.327353099094147E+02,4.5E+00,1.5E+00,200,danceclubs,Paris France,4.88566E+01,2.3522E+00,496,43,240
BusinessSearchResults--Paris France--pets.json,2.4540398442958325E+04,3.0629440410018304E+02,5E+00,1.5E+00,200,pets,Paris France,4.88566E+01,2.3522E+00,25,4,332
BusinessSearchResults--Paris France--petservices.json,3.1278863899135296E+04,8.838108601428472E+02,5E+00,1E+00,200,petservices,Paris France,4.88566E+01,2.3522E+00,23,1,72
BusinessSearchResults--Paris France--petstore.json,3.327706856040987E+04,3.0629440410018304E+02,5E+00,1E+00,200,petstore,Paris France,4.88566E+01,2.3522E+00,25,1,60
BusinessSearchResults--Paris France--professional.json,4.227759039477219E+04,2.233935523430869E+00,5E+00,1E+00,200,professional,Paris France,4.88566E+01,2.3522E+00,41,2,503
BusinessSearchResults--Paris France--lawyers.json,4.227759039477219E+04,2.233935523430869E+00,5E+00,1E+00,200,lawyers,Paris France,4.88566E+01,2.3522E+00,6,1,148
BusinessSearchResults--Paris France--publicservicesgovt.json,1.7920024026145693E+04,2.0299968066656447E+01,4.5E+00,3E+00,200,publicservicesgovt,Paris France,4.88566E+01,2.3522E+00,2034,29,742
BusinessSearchResults--Paris France--realestate.json,3.8292647115855325E+04,5.950660751728965E+02,5E+00,1E+00,200,realestate,Paris France,4.88566E+01,2.3522E+00,106,2,330
BusinessSearchResults--Paris France--realestateagents.json,3.8292647115855325E+04,2.233935523430869E+00,5E+00,1E+00,200,realestateagents,Paris France,4.88566E+01,2.3522E+00,106,1,143
BusinessSearchResults--Paris France--realestatesvcs.json,1.8906120991754677E+04,2.233935523430869E+00,5E+00,1E+00,200,realestatesvcs,Paris France,4.88566E+01,2.3522E+00,106,1,22
BusinessSearchResults--Paris France--shopping.json,3.156110089736348E+04,1.2790758694653016E+02,4.5E+00,3E+00,200,shopping,Paris France,4.88566E+01,2.3522E+00,572,43,9200
BusinessSearchResults--Paris France--artsandcrafts.json,2.717658106807912E+04,1.62155570275211E+02,5E+00,2.5E+00,200,artsandcrafts,Paris France,4.88566E+01,2.3522E+00,87,5,436
BusinessSearchResults--Paris France--media.json,1.7149028949773616E+04,3.933559038451468E+02,5E+00,2.5E+00,200,media,Paris France,4.88566E+01,2.3522E+00,324,11,761
BusinessSearchResults--Paris France--fashion.json,1.259610651237058E+04,1.2790758694653016E+02,5E+00,2.5E+00,200,fashion,Paris France,4.88566E+01,2.3522E+00,572,20,3300
BusinessSearchResults--Paris France--flowers.json,2.09173512725487E+04,3.00373479400381E+02,5E+00,2.5E+00,200,flowers,Paris France,4.88566E+01,2.3522E+00,44,6,669
BusinessSearchResults--Paris France--homeandgarden.json,2.9614187714377254E+04,1.945603284037515E+02,5E+00,2.5E+00,200,homeandgarden,Paris France,4.88566E+01,2.3522E+00,65,10,943
BusinessSearchResults--Paris France--sportgoods.json,3.146759413098319E+04,6.065543678108976E+02,4.5E+00,2E+00,200,sportgoods,Paris France,4.88566E+01,2.3522E+00,46,4,213
BusinessSearchResults--London England--active.json,4.51948034781163E+04,9.445789699722136E+03,5E+00,3E+00,200,active,London England,5.15072E+01,1.276E-01,400,29,2100
BusinessSearchResults--London England--fitness.json,3.9134121653432114E+04,1.081454542286485E+04,4.5E+00,2E+00,200,fitness,London England,5.15072E+01,1.276E-01,74,11,805
BusinessSearchResults--London England--arts.json,3.4242858247985845E+04,8.643181694754147E+03,4.5E+00,3E+00,200,arts,London England,5.15072E+01,1.276E-01,1085,97,2200
BusinessSearchResults--London England--movietheaters.json,2.499670559337736E+04,6.730373781600759E+03,4.5E+00,2.5E+00,200,movietheaters,London England,5.15072E+01,1.276E-01,149,20,178
BusinessSearchResults--London England--museums.json,3.4242858247985845E+04,9.650937050671399E+03,4.5E+00,3E+00,200,museums,London England,5.15072E+01,1.276E-01,1085,25,176
BusinessSearchResults--London England--wineries.json,4.29770756191151E+04,1.0300881202469123E+04,5E+00,1E+00,200,wineries,London England,5.15072E+01,1.276E-01,334,1,37
BusinessSearchResults--London England--social_clubs.json,3.5370744139430404E+04,2.8805104449058745E+03,5E+00,2.5E+00,200,social_clubs,London England,5.15072E+01,1.276E-01,81,4,173
BusinessSearchResults--London England--auto.json,4.38197918814969E+04,6.90647275316224E+03,5E+00,1E+00,200,auto,London England,5.15072E+01,1.276E-01,37,4,1100
BusinessSearchResults--London England--beautysvc.json,2.4710108420026667E+04,1.4049118437509824E+04,5E+00,1E+00,200,beautysvc,London England,5.15072E+01,1.276E-01,74,21,3900
BusinessSearchResults--London England--hair.json,2.18655426022621E+04,1.388696198535865E+04,5E+00,1.5E+00,200,hair,London England,5.15072E+01,1.276E-01,71,14,1600
BusinessSearchResults--London England--othersalons.json,2.6601402099497693E+04,9.963638163199399E+03,4.5E+00,1.5E+00,200,othersalons,London England,5.15072E+01,1.276E-01,71,10,533
BusinessSearchResults--London England--tanning.json,3.9076640337331344E+04,9.78276982041179E+03,5E+00,1E+00,200,tanning,London England,5.15072E+01,1.276E-01,20,2,125
BusinessSearchResults--London England--education.json,2.7062747216507116E+04,9.348706045260975E+03,5E+00,1.5E+00,200,education,London England,5.15072E+01,1.276E-01,59,6,946
BusinessSearchResults--London England--artclasses.json,3.738593231707284E+04,1.35216806404893E+04,5E+00,1E+00,200,artclasses,London England,5.15072E+01,1.276E-01,35,1,11
BusinessSearchResults--London England--specialtyschools.json,3.981515672989102E+04,8.536983066878991E+03,5E+00,1E+00,200,specialtyschools,London England,5.15072E+01,1.276E-01,59,4,434
BusinessSearchResults--London England--eventservices.json,3.984448947604336E+04,8.643181694754147E+03,4.5E+00,2.5E+00,200,eventservices,London England,5.15072E+01,1.276E-01,256,79,2700
BusinessSearchResults--London England--photographers.json,6.3467416169233955E+04,7.348150002860181E+03,5E+00,1E+00,200,photographers,London England,5.15072E+01,1.276E-01,26,2,174
BusinessSearchResults--London England--financialservices.json,4.40085805970483E+04,9.870209260970723E+03,5E+00,1E+00,200,financialservices,London England,5.15072E+01,1.276E-01,17,3,517
BusinessSearchResults--London England--insurance.json,4.46364821189391E+04,1.1847428994094731E+04,5E+00,1E+00,200,insurance,London England,5.15072E+01,1.276E-01,17,1,37
BusinessSearchResults--London England--banks.json,4.429547052241252E+04,6.76762077119616E+03,5E+00,1E+00,200,banks,London England,5.15072E+01,1.276E-01,8,2,289
BusinessSearchResults--London England--health.json,4.332595665493275E+04,6.196651501906407E+03,5E+00,1E+00,200,health,London England,5.15072E+01,1.276E-01,56,8,1800
BusinessSearchResults--London England--c_and_mh.json,3.585842877804297E+04,7.076213976667662E+03,5E+00,1E+00,200,c_and_mh,London England,5.15072E+01,1.276E-01,4,1,81
BusinessSearchResults--London England--dentists.json,3.5141514177916186E+04,4.897528791974651E+03,5E+00,1E+00,200,dentists,London England,5.15072E+01,1.276E-01,56,4,394
BusinessSearchResults--London England--physicians.json,4.253117335555563E+04,2.638795277529679E+03,5E+00,1E+00,200,physicians,London England,5.15072E+01,1.276E-01,9,3,418
BusinessSearchResults--London England--medcenters.json,3.6489998446637015E+04,2.638795277529679E+03,5E+00,1E+00,200,medcenters,London England,5.15072E+01,1.276E-01,8,2,91
BusinessSearchResults--London England--homeservices.json,9.491493186750342E+04,4.220277468823832E+03,5E+00,1E+00,200,homeservices,London England,5.15072E+01,1.276E-01,142,13,3800
BusinessSearchResults--London England--contractors.json,4.1524301637545985E+04,4.797677471443291E+03,5E+00,1E+00,200,contractors,London England,5.15072E+01,1.276E-01,17,3,422
BusinessSearchResults--London England--electricians.json,3.954150562169354E+04,7.80881453942687E+03,5E+00,1E+00,200,electricians,London England,5.15072E+01,1.276E-01,37,1,110
BusinessSearchResults--London England--painters.json,5.0624928095770876E+04,3.625535677915449E+03,5E+00,1E+00,200,painters,London England,5.15072E+01,1.276E-01,8,1,83
BusinessSearchResults--London England--plumbing.json,7.93635654268596E+04,3.6806125320862234E+03,4.5E+00,1E+00,200,plumbing,London England,5.15072E+01,1.276E-01,59,2,190
BusinessSearchResults--London England--hotelstravel.json,4.480951487454626E+04,5.402745179389709E+03,5E+00,2.5E+00,200,hotelstravel,London England,5.15072E+01,1.276E-01,346,91,3700
BusinessSearchResults--London England--tours.json,4.2834314416701054E+04,8.275896442019768E+03,5E+00,1.5E+00,200,tours,London England,5.15072E+01,1.276E-01,346,10,194
BusinessSearchResults--London England--transport.json,4.481373722850715E+04,5.163954562122995E+03,4.5E+00,1E+00,200,transport,London England,5.15072E+01,1.276E-01,219,16,981
BusinessSearchResults--London England--localflavor.json,3.0297657662266276E+04,9.454562724998279E+03,5E+00,1E+00,200,localflavor,London England,5.15072E+01,1.276E-01,521,2,99
BusinessSearchResults--London England--localservices.json,3.0548610528403424E+04,4.220277468823832E+03,5E+00,1E+00,200,localservices,London England,5.15072E+01,1.276E-01,158,17,3100
BusinessSearchResults--London England--massmedia.json,4.457607827547944E+04,7.290126496511002E+03,5E+00,1E+00,200,massmedia,London England,5.15072E+01,1.276E-01,8,2,221
BusinessSearchResults--London England--nightlife.json,2.2311582478308363E+04,8.643181694754147E+03,4.5E+00,3E+00,200,nightlife,London England,5.15072E+01,1.276E-01,928,150,6700
BusinessSearchResults--London England--bars.json,2.2311582478308363E+04,1.4347347904197584E+04,4.5E+00,3E+00,200,bars,London England,5.15072E+01,1.276E-01,928,141,6100
BusinessSearchResults--London England--danceclubs.json,2.2211394475200177E+04,1.1627439578234846E+04,4.5E+00,2E+00,200,danceclubs,London England,5.15072E+01,1.276E-01,198,32,311
BusinessSearchResults--London England--pets.json,4.955962013907767E+04,8.049650364638566E+03,5E+00,1.5E+00,200,pets,London England,5.15072E+01,1.276E-01,80,4,495
BusinessSearchResults--London England--petservices.json,4.955962013907767E+04,1.0278952352148002E+04,5E+00,1E+00,200,petservices,London England,5.15072E+01,1.276E-01,80,3,183
BusinessSearchResults--London England--petstore.json,4.835560497339654E+04,8.635559375810417E+03,5E+00,1E+00,200,petstore,London England,5.15072E+01,1.276E-01,7,3,155
BusinessSearchResults--London England--professional.json,4.3838833414342924E+04,3.2453074058592456E+03,5E+00,1E+00,200,professional,London England,5.15072E+01,1.276E-01,142,7,1500
BusinessSearchResults--London England--lawyers.json,3.9930620425968424E+04,3.9251061903056984E+03,5E+00,1E+00,200,lawyers,London England,5.15072E+01,1.276E-01,17,2,227
BusinessSearchResults--London England--publicservicesgovt.json,4.51948034781163E+04,9.902794012327957E+03,5E+00,3E+00,200,publicservicesgovt,London England,5.15072E+01,1.276E-01,1063,20,826
BusinessSearchResults--London England--realestate.json,3.788211194772216E+04,9.865319750541224E+03,5E+00,1E+00,200,realestate,London England,5.15072E+01,1.276E-01,31,5,947
BusinessSearchResults--London England--realestateagents.json,4.335849190380384E+04,8.246703401928391E+02,5E+00,1E+00,200,realestateagents,London England,5.15072E+01,1.276E-01,16,3,462
BusinessSearchResults--London England--realestatesvcs.json,3.3381255489238036E+04,8.246703401928391E+02,5E+00,1E+00,200,realestatesvcs,London England,5.15072E+01,1.276E-01,25,3,252
BusinessSearchResults--London England--shopping.json,2.4009150312848757E+04,9.870173253622623E+03,4.5E+00,1.5E+00,200,shopping,London England,5.15072E+01,1.276E-01,952,69,9900
BusinessSearchResults--London England--artsandcrafts.json,3.2582374362014467E+04,8.405235135535802E+03,5E+00,2.5E+00,200,artsandcrafts,London England,5.15072E+01,1.276E-01,256,6,568
BusinessSearchResults--London England--media.json,2.4353923502426514E+04,1.3880177295150705E+04,5E+00,3.5E+00,200,media,London England,5.15072E+01,1.276E-01,136,12,742
BusinessSearchResults--London England--fashion.json,2.471935344410905E+04,1.3094773247660638E+04,4.5E+00,1.5E+00,200,fashion,London England,5.15072E+01,1.276E-01,952,20,3000
BusinessSearchResults--London England--flowers.json,2.8424137616861164E+04,1.0699410151136139E+04,5E+00,1E+00,200,flowers,London England,5.15072E+01,1.276E-01,169,6,739
BusinessSearchResults--London England--homeandgarden.json,3.848116082762776E+04,9.057820654666511E+03,4.5E+00,1E+00,200,homeandgarden,London England,5.15072E+01,1.276E-01,464,8,1300
BusinessSearchResults--London England--sportgoods.json,3.1602007720876652E+04,1.2168848430722817E+04,5E+00,1.5E+00,200,sportgoods,London England,5.15072E+01,1.276E-01,153,6,427
BusinessSearchResults--Seattle WA--active.json,1.3013177760917011E+05,6.784936058960462E+02,5E+00,2E+00,200,active,Seattle WA,4.76062E+01,-1.223321E+02,1228,236,3900
BusinessSearchResults--Seattle WA--fitness.json,4.131120195023858E+04,8.654503395063476E+02,5E+00,2E+00,200,fitness,Seattle WA,4.76062E+01,-1.223321E+02,558,115,1700
BusinessSearchResults--Seattle WA--arts.json,3.981187697568647E+04,2.4104670076175285E+02,4.5E+00,2E+00,200,arts,Seattle WA,4.76062E+01,-1.223321E+02,2904,318,1800
BusinessSearchResults--Seattle WA--movietheaters.json,3.9649526578433244E+04,6.280638987040238E+02,4.5E+00,2.5E+00,200,movietheaters,Seattle WA,4.76062E+01,-1.223321E+02,1048,57,71
BusinessSearchResults--Seattle WA--museums.json,4.0944159782648334E+04,4.8490290855264493E+02,5E+00,3E+00,200,museums,Seattle WA,4.76062E+01,-1.223321E+02,2767,17,103
BusinessSearchResults--Seattle WA--wineries.json,3.906880133553267E+04,7.615273942165171E+02,5E+00,3.5E+00,200,wineries,Seattle WA,4.76062E+01,-1.223321E+02,917,45,244
BusinessSearchResults--Seattle WA--social_clubs.json,4.141286267661141E+04,1.1166587526248826E+02,5E+00,2E+00,200,social_clubs,Seattle WA,4.76062E+01,-1.223321E+02,183,2,73
BusinessSearchResults--Seattle WA--auto.json,3.35302406924943E+04,1.4315568989230878E+03,4.5E+00,2E+00,200,auto,Seattle WA,4.76062E+01,-1.223321E+02,971,313,4700
BusinessSearchResults--Seattle WA--beautysvc.json,3.7799543833504766E+04,2.3717826792922995E+02,5E+00,2.5E+00,200,beautysvc,Seattle WA,4.76062E+01,-1.223321E+02,710,316,5800
BusinessSearchResults--Seattle WA--hair.json,3.910444675361248E+04,4.148780792548678E+02,5E+00,3E+00,200,hair,Seattle WA,4.76062E+01,-1.223321E+02,617,209,2100
BusinessSearchResults--Seattle WA--othersalons.json,2.7960414914403515E+04,6.577662076201E+02,5E+00,2.5E+00,200,othersalons,Seattle WA,4.76062E+01,-1.223321E+02,639,240,945
BusinessSearchResults--Seattle WA--tanning.json,4.287518132350669E+04,4.113584064257451E+02,5E+00,2E+00,200,tanning,Seattle WA,4.76062E+01,-1.223321E+02,170,32,136
BusinessSearchResults--Seattle WA--education.json,3.978361616218058E+04,6.599146942291152E+02,5E+00,2.5E+00,200,education,Seattle WA,4.76062E+01,-1.223321E+02,369,57,2200
BusinessSearchResults--Seattle WA--artclasses.json,3.440013532631898E+04,4.508365492214446E+02,5E+00,2.5E+00,200,artclasses,Seattle WA,4.76062E+01,-1.223321E+02,105,8,103
BusinessSearchResults--Seattle WA--specialtyschools.json,3.978361616218058E+04,4.3301809494610427E+02,5E+00,2.5E+00,200,specialtyschools,Seattle WA,4.76062E+01,-1.223321E+02,369,46,666
BusinessSearchResults--Seattle WA--eventservices.json,4.0370468375912795E+04,1.2333065340087448E+02,4.5E+00,2.5E+00,200,eventservices,Seattle WA,4.76062E+01,-1.223321E+02,2191,389,3400
BusinessSearchResults--Seattle WA--photographers.json,2.333775065349438E+05,9.728395969229716E+01,5E+00,1.5E+00,200,photographers,Seattle WA,4.76062E+01,-1.223321E+02,108,25,998
BusinessSearchResults--Seattle WA--financialservices.json,3.5135350485226096E+04,1.3227800193807357E+02,5E+00,1E+00,200,financialservices,Seattle WA,4.76062E+01,-1.223321E+02,292,40,2200
BusinessSearchResults--Seattle WA--insurance.json,3.629088298425424E+04,1.3227800193807357E+02,5E+00,1E+00,200,insurance,Seattle WA,4.76062E+01,-1.223321E+02,163,18,768
BusinessSearchResults--Seattle WA--banks.json,3.295326234355679E+04,2.3191158178801174E+02,4E+00,1.5E+00,200,banks,Seattle WA,4.76062E+01,-1.223321E+02,223,26,728
BusinessSearchResults--Seattle WA--health.json,2.879844703326495E+04,2.8014975279326393E+02,5E+00,2E+00,200,health,Seattle WA,4.76062E+01,-1.223321E+02,378,150,10600
BusinessSearchResults--Seattle WA--c_and_mh.json,4.165860537303506E+04,4.113584064257451E+02,5E+00,1.5E+00,200,c_and_mh,Seattle WA,4.76062E+01,-1.223321E+02,155,13,609
BusinessSearchResults--Seattle WA--dentists.json,4.115558994956725E+04,2.1055714196132558E+02,5E+00,2E+00,200,dentists,Seattle WA,4.76062E+01,-1.223321E+02,163,73,2200
BusinessSearchResults--Seattle WA--physicians.json,4.0907747973259255E+04,6.627372877720003E+02,5E+00,1.5E+00,200,physicians,Seattle WA,4.76062E+01,-1.223321E+02,249,81,3100
BusinessSearchResults--Seattle WA--medcenters.json,4.10585309368947E+04,2.8014975279326393E+02,4E+00,1.5E+00,200,medcenters,Seattle WA,4.76062E+01,-1.223321E+02,283,48,372
BusinessSearchResults--Seattle WA--homeservices.json,4.3432025772128596E+04,1.6756091277993416E+01,5E+00,1E+00,200,homeservices,Seattle WA,4.76062E+01,-1.223321E+02,1234,254,17800
BusinessSearchResults--Seattle WA--contractors.json,3.037515474568416E+05,2.4306674407856694E+00,5E+00,1.5E+00,200,contractors,Seattle WA,4.76062E+01,-1.223321E+02,207,32,2200
BusinessSearchResults--Seattle WA--electricians.json,8.296547255336377E+04,1.1099096267351376E+03,5E+00,1.5E+00,200,electricians,Seattle WA,4.76062E+01,-1.223321E+02,1234,57,486
BusinessSearchResults--Seattle WA--painters.json,5.116748663807813E+04,3.373381806955402E+02,5E+00,2.5E+00,200,painters,Seattle WA,4.76062E+01,-1.223321E+02,160,29,1000
BusinessSearchResults--Seattle WA--plumbing.json,1.536990361417499E+06,4.113584064257451E+02,5E+00,2E+00,200,plumbing,Seattle WA,4.76062E+01,-1.223321E+02,1234,117,748
BusinessSearchResults--Seattle WA--hotelstravel.json,4.0370468375912795E+04,1.2333065340087448E+02,5E+00,1.5E+00,200,hotelstravel,Seattle WA,4.76062E+01,-1.223321E+02,3188,393,1800
BusinessSearchResults--Seattle WA--tours.json,1.1513442238941793E+05,3.967358396879187E+02,5E+00,2.5E+00,200,tours,Seattle WA,4.76062E+01,-1.223321E+02,2136,63,239
BusinessSearchResults--Seattle WA--transport.json,3.813794524648766E+04,9.728395969229716E+01,5E+00,1.5E+00,200,transport,Seattle WA,4.76062E+01,-1.223321E+02,1577,87,630
BusinessSearchResults--Seattle WA--localflavor.json,4.0686755466760864E+04,3.432280176788308E+02,5E+00,2.5E+00,200,localflavor,Seattle WA,4.76062E+01,-1.223321E+02,1085,5,93
BusinessSearchResults--Seattle WA--localservices.json,4.660045921239537E+04,1.3820824069572635E+02,5E+00,1E+00,200,localservices,Seattle WA,4.76062E+01,-1.223321E+02,918,231,6500
BusinessSearchResults--Seattle WA--massmedia.json,3.3939913710220266E+04,1.3859104817170663E+02,5E+00,1E+00,200,massmedia,Seattle WA,4.76062E+01,-1.223321E+02,192,6,128
BusinessSearchResults--Seattle WA--nightlife.json,3.9693528404652825E+04,2.972730636083173E+02,4.5E+00,3.5E+00,200,nightlife,Seattle WA,4.76062E+01,-1.223321E+02,6292,1105,1800
BusinessSearchResults--Seattle WA--bars.json,3.9693528404652825E+04,2.972730636083173E+02,4.5E+00,3.5E+00,200,bars,Seattle WA,4.76062E+01,-1.223321E+02,6292,1105,1700
BusinessSearchResults--Seattle WA--danceclubs.json,4.849653161699666E+04,4.511742564524254E+02,5E+00,1E+00,200,danceclubs,Seattle WA,4.76062E+01,-1.223321E+02,425,1,35
BusinessSearchResults--Seattle WA--pets.json,4.120706696505178E+04,8.827824869686493E+02,5E+00,2E+00,200,pets,Seattle WA,4.76062E+01,-1.223321E+02,993,146,1700
BusinessSearchResults--Seattle WA--petservices.json,5.218683282418972E+04,8.827824869686493E+02,4.5E+00,2E+00,200,petservices,Seattle WA,4.76062E+01,-1.223321E+02,993,123,1200
BusinessSearchResults--Seattle WA--petstore.json,4.120706696505178E+04,1.1454530444272339E+03,5E+00,2E+00,200,petstore,Seattle WA,4.76062E+01,-1.223321E+02,200,76,266
BusinessSearchResults--Seattle WA--professional.json,4.171094033049194E+04,1.6756091277993416E+01,5E+00,1E+00,200,professional,Seattle WA,4.76062E+01,-1.223321E+02,621,78,4200
BusinessSearchResults--Seattle WA--lawyers.json,4.015870310581905E+04,2.0088193772556073E+02,5E+00,1.5E+00,200,lawyers,Seattle WA,4.76062E+01,-1.223321E+02,178,19,1100
BusinessSearchResults--Seattle WA--publicservicesgovt.json,3.9862796515387614E+04,6.53045334610306E+01,5E+00,1.5E+00,200,publicservicesgovt,Seattle WA,4.76062E+01,-1.223321E+02,2904,46,618
BusinessSearchResults--Seattle WA--realestate.json,1.6938671158487294E+06,3.489714983179908E+02,5E+00,1.5E+00,200,realestate,Seattle WA,4.76062E+01,-1.223321E+02,308,74,5400
BusinessSearchResults--Seattle WA--realestateagents.json,5.0093753178052226E+04,5.191330118452348E+02,5E+00,2.5E+00,200,realestateagents,Seattle WA,4.76062E+01,-1.223321E+02,308,23,1700
BusinessSearchResults--Seattle WA--realestatesvcs.json,6.183384112044466E+04,5.191330118452348E+02,5E+00,1E+00,200,realestatesvcs,Seattle WA,4.76062E+01,-1.223321E+02,308,22,837
BusinessSearchResults--Seattle WA--shopping.json,2.4649224979264836E+04,5.508154100983104E+02,5E+00,1E+00,200,shopping,Seattle WA,4.76062E+01,-1.223321E+02,4285,290,7900
BusinessSearchResults--Seattle WA--artsandcrafts.json,3.598561475866901E+04,6.930665795305279E+02,5E+00,2E+00,200,artsandcrafts,Seattle WA,4.76062E+01,-1.223321E+02,634,61,456
BusinessSearchResults--Seattle WA--media.json,4.042426791762438E+04,6.886293064673873E+02,5E+00,2.5E+00,200,media,Seattle WA,4.76062E+01,-1.223321E+02,634,63,255
BusinessSearchResults--Seattle WA--fashion.json,3.4901833707166894E+04,5.508154100983104E+02,5E+00,1E+00,200,fashion,Seattle WA,4.76062E+01,-1.223321E+02,680,134,1300
BusinessSearchResults--Seattle WA--flowers.json,2.2746079852947136E+04,4.108198509151241E+02,5E+00,2.5E+00,200,flowers,Seattle WA,4.76062E+01,-1.223321E+02,645,65,560
BusinessSearchResults--Seattle WA--homeandgarden.json,3.2440235390434395E+04,5.508154100983104E+02,4.5E+00,1.5E+00,200,homeandgarden,Seattle WA,4.76062E+01,-1.223321E+02,1193,159,1600
BusinessSearchResults--Seattle WA--sportgoods.json,1.2412477688134271E+05,6.107009521906059E+02,5E+00,1E+00,200,sportgoods,Seattle WA,4.76062E+01,-1.223321E+02,598,86,456
BusinessSearchResults--San Francisco CA--active.json,8.79015123216462E+04,1.2280646500648554E+03,5E+00,2E+00,200,active,San Francisco CA,3.77749E+01,-1.224194E+02,3328,551,8400
BusinessSearchResults--San Francisco CA--fitness.json,4.59758316314944E+04,8.651736516114113E+02,5E+00,1.5E+00,200,fitness,San Francisco CA,3.77749E+01,-1.224194E+02,861,346,4300
BusinessSearchResults--San Francisco CA--arts.json,4.9943838716255435E+04,6.4451213336704E+02,4.5E+00,2.5E+00,200,arts,San Francisco CA,3.77749E+01,-1.224194E+02,3328,747,4200
BusinessSearchResults--San Francisco CA--movietheaters.json,4.994730236505213E+04,1.1695638149005476E+03,5E+00,2.5E+00,200,movietheaters,San Francisco CA,3.77749E+01,-1.224194E+02,2235,167,128
BusinessSearchResults--San Francisco CA--museums.json,5.0157881958528276E+04,7.734214925929466E+01,4.5E+00,2.5E+00,200,museums,San Francisco CA,3.77749E+01,-1.224194E+02,3328,125,194
BusinessSearchResults--San Francisco CA--wineries.json,1.1427781383008734E+05,1.731576444744074E+03,5E+00,3.5E+00,200,wineries,San Francisco CA,3.77749E+01,-1.224194E+02,359,61,147
BusinessSearchResults--San Francisco CA--social_clubs.json,4.4762133293370774E+04,8.415705050438801E+02,5E+00,2E+00,200,social_clubs,San Francisco CA,3.77749E+01,-1.224194E+02,237,15,217
BusinessSearchResults--San Francisco CA--auto.json,6.967737761879902E+04,3.916500971756761E+02,5E+00,2.5E+00,200,auto,San Francisco CA,3.77749E+01,-1.224194E+02,2101,1006,8700
BusinessSearchResults--San Francisco CA--beautysvc.json,4.577485035567673E+04,2.5571903149189163E+02,5E+00,3.5E+00,200,beautysvc,San Francisco CA,3.77749E+01,-1.224194E+02,1304,652,11200
BusinessSearchResults--San Francisco CA--hair.json,4.577529861733711E+04,5.312112730363941E+02,5E+00,3E+00,200,hair,San Francisco CA,3.77749E+01,-1.224194E+02,1199,443,4400
BusinessSearchResults--San Francisco CA--othersalons.json,4.6641044943232366E+04,1.1979286736025651E+03,4.5E+00,2.5E+00,200,othersalons,San Francisco CA,3.77749E+01,-1.224194E+02,1304,472,1600
BusinessSearchResults--San Francisco CA--tanning.json,7.587401583227083E+04,4.5116540170516885E+02,5E+00,3.5E+00,200,tanning,San Francisco CA,3.77749E+01,-1.224194E+02,538,83,201
BusinessSearchResults--San Francisco CA--education.json,1.1950378890714615E+05,5.435803651102873E+02,5E+00,2.5E+00,200,education,San Francisco CA,3.77749E+01,-1.224194E+02,1070,200,5900
BusinessSearchResults--San Francisco CA--artclasses.json,6.768051083980777E+04,1.2458072077145691E+03,5E+00,2.5E+00,200,artclasses,San Francisco CA,3.77749E+01,-1.224194E+02,279,37,266
BusinessSearchResults--San Francisco CA--specialtyschools.json,1.1950378890714615E+05,8.628413081283807E+02,5E+00,3E+00,200,specialtyschools,San Francisco CA,3.77749E+01,-1.224194E+02,1070,172,1900
BusinessSearchResults--San Francisco CA--eventservices.json,4.8869484842125494E+04,1.3824501680241092E+03,5E+00,2.5E+00,200,eventservices,San Francisco CA,3.77749E+01,-1.224194E+02,3329,1187,10800
BusinessSearchResults--San Francisco CA--photographers.json,1.2043882619908951E+05,4.5116540170516885E+02,5E+00,1E+00,200,photographers,San Francisco CA,3.77749E+01,-1.224194E+02,767,150,3400
BusinessSearchResults--San Francisco CA--financialservices.json,4.653656340997585E+04,7.410329780732756E+02,5E+00,1E+00,200,financialservices,San Francisco CA,3.77749E+01,-1.224194E+02,2312,141,4300
BusinessSearchResults--San Francisco CA--insurance.json,7.457055348604762E+04,8.70671469216299E+02,5E+00,1E+00,200,insurance,San Francisco CA,3.77749E+01,-1.224194E+02,2312,83,1500
BusinessSearchResults--San Francisco CA--banks.json,4.596709460194151E+04,2.898616115168698E+02,4.5E+00,1E+00,200,banks,San Francisco CA,3.77749E+01,-1.224194E+02,411,84,1000
BusinessSearchResults--San Francisco CA--health.json,7.079669068634568E+04,2.5571903149189163E+02,5E+00,1E+00,200,health,San Francisco CA,3.77749E+01,-1.224194E+02,1660,469,21800
BusinessSearchResults--San Francisco CA--c_and_mh.json,5.858755314413849E+05,5.982753158822717E+02,5E+00,1.5E+00,200,c_and_mh,San Francisco CA,3.77749E+01,-1.224194E+02,130,41,2600
BusinessSearchResults--San Francisco CA--dentists.json,4.607491209158089E+04,2.7519336557897554E+02,5E+00,1.5E+00,200,dentists,San Francisco CA,3.77749E+01,-1.224194E+02,524,223,3600
BusinessSearchResults--San Francisco CA--physicians.json,4.720134243518704E+04,8.157305321910856E+02,5E+00,1.5E+00,200,physicians,San Francisco CA,3.77749E+01,-1.224194E+02,737,196,6800
BusinessSearchResults--San Francisco CA--medcenters.json,4.720134243518704E+04,3.7553585163607147E+02,4.5E+00,1E+00,200,medcenters,San Francisco CA,3.77749E+01,-1.224194E+02,680,88,530
BusinessSearchResults--San Francisco CA--homeservices.json,1.2751345487706613E+05,3.5518877598013003E+00,5E+00,1E+00,200,homeservices,San Francisco CA,3.77749E+01,-1.224194E+02,1905,295,30000
BusinessSearchResults--San Francisco CA--contractors.json,1.377094454679824E+05,2.3961518883115928E+03,5E+00,1E+00,200,contractors,San Francisco CA,3.77749E+01,-1.224194E+02,366,108,5100
BusinessSearchResults--San Francisco CA--electricians.json,9.789697234296541E+04,1.5847344553879716E+03,5E+00,4E+00,200,electricians,San Francisco CA,3.77749E+01,-1.224194E+02,770,151,1400
BusinessSearchResults--San Francisco CA--painters.json,9.789697234296541E+04,9.896853853550509E+02,5E+00,4E+00,200,painters,San Francisco CA,3.77749E+01,-1.224194E+02,258,96,1900
BusinessSearchResults--San Francisco CA--plumbing.json,7.23259837932263E+04,3.5518877598013003E+00,5E+00,2E+00,200,plumbing,San Francisco CA,3.77749E+01,-1.224194E+02,1905,384,2000
BusinessSearchResults--San Francisco CA--hotelstravel.json,8.79015123216462E+04,1.4119354210419706E+02,5E+00,1.5E+00,200,hotelstravel,San Francisco CA,3.77749E+01,-1.224194E+02,4175,709,4200
BusinessSearchResults--San Francisco CA--tours.json,1.2201965758913067E+05,2.658053296523721E+02,5E+00,2.5E+00,200,tours,San Francisco CA,3.77749E+01,-1.224194E+02,1166,204,823
BusinessSearchResults--San Francisco CA--transport.json,1.539464576342778E+05,6.708119299179894E+01,5E+00,1.5E+00,200,transport,San Francisco CA,3.77749E+01,-1.224194E+02,3265,244,1800
BusinessSearchResults--San Francisco CA--localflavor.json,4.5756601330600744E+04,3.5518877598013003E+00,5E+00,2E+00,200,localflavor,San Francisco CA,3.77749E+01,-1.224194E+02,814,49,1000
BusinessSearchResults--San Francisco CA--localservices.json,7.47354068284345E+04,3.5518877598013003E+00,5E+00,1.5E+00,200,localservices,San Francisco CA,3.77749E+01,-1.224194E+02,2055,597,16200
BusinessSearchResults--San Francisco CA--massmedia.json,3.1727615053277903E+04,3.5518877598013003E+00,5E+00,1E+00,200,massmedia,San Francisco CA,3.77749E+01,-1.224194E+02,14164,32,407
BusinessSearchResults--San Francisco CA--nightlife.json,4.3153569221368336E+04,3.8243928355782145E+02,4.5E+00,3.5E+00,200,nightlife,San Francisco CA,3.77749E+01,-1.224194E+02,8630,2241,2600
BusinessSearchResults--San Francisco CA--bars.json,4.3153569221368336E+04,3.8243928355782145E+02,4.5E+00,3.5E+00,200,bars,San Francisco CA,3.77749E+01,-1.224194E+02,8630,2241,2100
BusinessSearchResults--San Francisco CA--danceclubs.json,4.3020983827872704E+04,1.61404171978809E+02,4.5E+00,2E+00,200,danceclubs,San Francisco CA,3.77749E+01,-1.224194E+02,1933,240,162
BusinessSearchResults--San Francisco CA--pets.json,6.70792717968544E+04,6.832488964001615E+02,5E+00,2.5E+00,200,pets,San Francisco CA,3.77749E+01,-1.224194E+02,977,369,2900
BusinessSearchResults--San Francisco CA--petservices.json,6.70792717968544E+04,8.584661660312997E+02,5E+00,2.5E+00,200,petservices,San Francisco CA,3.77749E+01,-1.224194E+02,718,292,2200
BusinessSearchResults--San Francisco CA--petstore.json,5.331723219308648E+04,8.584661660312997E+02,5E+00,2.5E+00,200,petstore,San Francisco CA,3.77749E+01,-1.224194E+02,538,169,238
BusinessSearchResults--San Francisco CA--professional.json,7.731619225648978E+04,5.573844802732815E+02,5E+00,1E+00,200,professional,San Francisco CA,3.77749E+01,-1.224194E+02,3149,227,12000
BusinessSearchResults--San Francisco CA--lawyers.json,5.766114291654849E+04,1.5800078581524417E+02,5E+00,3.5E+00,200,lawyers,San Francisco CA,3.77749E+01,-1.224194E+02,350,75,3300
BusinessSearchResults--San Francisco CA--publicservicesgovt.json,4.795543573587942E+04,6.708119299179894E+01,5E+00,1E+00,200,publicservicesgovt,San Francisco CA,3.77749E+01,-1.224194E+02,3245,204,1600
BusinessSearchResults--San Francisco CA--realestate.json,1.2751345487706613E+05,2.3480796274454315E+02,5E+00,1.5E+00,200,realestate,San Francisco CA,3.77749E+01,-1.224194E+02,543,189,10900
BusinessSearchResults--San Francisco CA--realestateagents.json,7.246982643460091E+04,1.1713225971259158E+03,5E+00,3E+00,200,realestateagents,San Francisco CA,3.77749E+01,-1.224194E+02,543,110,5700
BusinessSearchResults--San Francisco CA--realestatesvcs.json,7.246982643460091E+04,1.4458128016599449E+03,5E+00,1E+00,200,realestatesvcs,San Francisco CA,3.77749E+01,-1.224194E+02,324,87,1800
BusinessSearchResults--San Francisco CA--shopping.json,7.079669068634568E+04,9.082630748502731E+02,5E+00,1.5E+00,200,shopping,San Francisco CA,3.77749E+01,-1.224194E+02,2397,853,15000
BusinessSearchResults--San Francisco CA--artsandcrafts.json,4.9181057460648066E+04,4.2892681250058405E+02,5E+00,2E+00,200,artsandcrafts,San Francisco CA,3.77749E+01,-1.224194E+02,1191,154,859
BusinessSearchResults--San Francisco CA--media.json,6.63139848022417E+04,3.6289118062685026E+02,5E+00,1E+00,200,media,San Francisco CA,3.77749E+01,-1.224194E+02,1391,142,446
BusinessSearchResults--San Francisco CA--fashion.json,4.858999420906091E+04,6.069244792928205E+02,4.5E+00,1.5E+00,200,fashion,San Francisco CA,3.77749E+01,-1.224194E+02,1279,378,2700
BusinessSearchResults--San Francisco CA--flowers.json,7.693989816852426E+04,2.688823764164721E+02,5E+00,1.5E+00,200,flowers,San Francisco CA,3.77749E+01,-1.224194E+02,1588,157,991
BusinessSearchResults--San Francisco CA--homeandgarden.json,4.3258969490529926E+04,9.144966579224016E+02,4.5E+00,1.5E+00,200,homeandgarden,San Francisco CA,3.77749E+01,-1.224194E+02,2397,456,2900
BusinessSearchResults--San Francisco CA--sportgoods.json,4.8644861245580105E+04,6.568197103916868E+02,5E+00,2E+00,200,sportgoods,San Francisco CA,3.77749E+01,-1.224194E+02,1279,256,639
BusinessSearchResults--Austin TX--active.json,7.435507287303811E+04,5.835719465433355E+02,5E+00,2E+00,200,active,Austin TX,3.02672E+01,-9.77431E+01,958,223,2500
BusinessSearchResults--Austin TX--fitness.json,3.0825543474619113E+04,1.3885421957814856E+02,5E+00,2E+00,200,fitness,Austin TX,3.02672E+01,-9.77431E+01,350,86,1300
BusinessSearchResults--Austin TX--arts.json,3.7627740521543485E+04,1.7693330945222564E+02,4.5E+00,1.5E+00,200,arts,Austin TX,3.02672E+01,-9.77431E+01,1934,281,960
BusinessSearchResults--Austin TX--movietheaters.json,4.646291214039301E+04,5.095490368255263E+02,5E+00,2E+00,200,movietheaters,Austin TX,3.02672E+01,-9.77431E+01,865,5,48
BusinessSearchResults--Austin TX--museums.json,2.8718030362649326E+04,3.1673435765072472E+01,5E+00,2.5E+00,200,museums,Austin TX,3.02672E+01,-9.77431E+01,355,1,42
BusinessSearchResults--Austin TX--wineries.json,1.1152493113895578E+05,7.782710666613476E+02,5E+00,2.5E+00,200,wineries,Austin TX,3.02672E+01,-9.77431E+01,344,6,48
BusinessSearchResults--Austin TX--social_clubs.json,2.034525585055075E+04,4.2030948616940755E+01,5E+00,1E+00,200,social_clubs,Austin TX,3.02672E+01,-9.77431E+01,449,1,38
BusinessSearchResults--Austin TX--auto.json,3.656792698427643E+04,3.724560029524917E+02,5E+00,2E+00,200,auto,Austin TX,3.02672E+01,-9.77431E+01,1429,324,3600
BusinessSearchResults--Austin TX--beautysvc.json,2.5873874149890213E+04,3.067175388281413E+02,5E+00,3E+00,200,beautysvc,Austin TX,3.02672E+01,-9.77431E+01,828,290,3800
BusinessSearchResults--Austin TX--hair.json,2.9504067117352537E+04,8.506043428888604E+02,5E+00,2.5E+00,200,hair,Austin TX,3.02672E+01,-9.77431E+01,828,157,1500
BusinessSearchResults--Austin TX--othersalons.json,3.0730582567919515E+04,4.682487490903387E+02,4.5E+00,2E+00,200,othersalons,Austin TX,3.02672E+01,-9.77431E+01,663,183,602
BusinessSearchResults--Austin TX--tanning.json,1.1233636593613555E+05,1.6192713018546094E+03,5E+00,2E+00,200,tanning,Austin TX,3.02672E+01,-9.77431E+01,283,16,96
BusinessSearchResults--Austin TX--education.json,3.721783325274538E+04,3.223362487918961E+02,5E+00,1.5E+00,200,education,Austin TX,3.02672E+01,-9.77431E+01,428,56,1300
BusinessSearchResults--Austin TX--artclasses.json,4.897732135010886E+04,1.6990172169130765E+03,5E+00,2.5E+00,200,artclasses,Austin TX,3.02672E+01,-9.77431E+01,198,4,70
BusinessSearchResults--Austin TX--specialtyschools.json,4.666796473397554E+04,3.223362487918961E+02,5E+00,1.5E+00,200,specialtyschools,Austin TX,3.02672E+01,-9.77431E+01,427,40,469
BusinessSearchResults--Austin TX--eventservices.json,3.2182747398156036E+04,1.677569724722029E+02,5E+00,2.5E+00,200,eventservices,Austin TX,3.02672E+01,-9.77431E+01,3195,296,3000
BusinessSearchResults--Austin TX--photographers.json,6.992454255505087E+04,6.440913138183583E+00,5E+00,1.5E+00,200,photographers,Austin TX,3.02672E+01,-9.77431E+01,117,22,808
BusinessSearchResults--Austin TX--financialservices.json,2.365839402932628E+04,1.2632506323804132E+02,5E+00,1E+00,200,financialservices,Austin TX,3.02672E+01,-9.77431E+01,138,36,1500
BusinessSearchResults--Austin TX--insurance.json,3.544045164170152E+04,4.2030948616940755E+01,5E+00,1E+00,200,insurance,Austin TX,3.02672E+01,-9.77431E+01,138,13,577
BusinessSearchResults--Austin TX--banks.json,2.7674919084279056E+04,1.2500776542430941E+02,4.5E+00,1E+00,200,banks,Austin TX,3.02672E+01,-9.77431E+01,92,23,395
BusinessSearchResults--Austin TX--health.json,3.3647910154712124E+04,1.403596730628457E+03,5E+00,2E+00,200,health,Austin TX,3.02672E+01,-9.77431E+01,500,170,6600
BusinessSearchResults--Austin TX--c_and_mh.json,2.9899182796346553E+05,1.766479833470805E+03,5E+00,1.5E+00,200,c_and_mh,Austin TX,3.02672E+01,-9.77431E+01,124,12,432
BusinessSearchResults--Austin TX--dentists.json,3.3647910154712124E+04,2.704466428505827E+03,5E+00,1.5E+00,200,dentists,Austin TX,3.02672E+01,-9.77431E+01,353,82,1000
BusinessSearchResults--Austin TX--physicians.json,2.9899182796346553E+05,2.0512304513561817E+03,5E+00,2E+00,200,physicians,Austin TX,3.02672E+01,-9.77431E+01,476,106,2300
BusinessSearchResults--Austin TX--medcenters.json,4.1288650655231E+04,3.0205962365598534E+03,4E+00,1.5E+00,200,medcenters,Austin TX,3.02672E+01,-9.77431E+01,252,36,205
BusinessSearchResults--Austin TX--homeservices.json,3.6245683339888674E+04,3.724560029524917E+02,5E+00,1E+00,200,homeservices,Austin TX,3.02672E+01,-9.77431E+01,1262,269,13300
BusinessSearchResults--Austin TX--contractors.json,3.465984261596689E+04,2.6486947573245E+02,5E+00,2E+00,200,contractors,Austin TX,3.02672E+01,-9.77431E+01,108,29,1500
BusinessSearchResults--Austin TX--electricians.json,7.037677191376007E+04,3.4409268416411956E+03,5E+00,2.5E+00,200,electricians,Austin TX,3.02672E+01,-9.77431E+01,418,31,373
BusinessSearchResults--Austin TX--painters.json,5.054172038528755E+04,6.440913138183583E+00,5E+00,4E+00,200,painters,Austin TX,3.02672E+01,-9.77431E+01,258,29,570
BusinessSearchResults--Austin TX--plumbing.json,1.1012383989267371E+05,2.9062064824227273E+03,5E+00,1.5E+00,200,plumbing,Austin TX,3.02672E+01,-9.77431E+01,615,92,499
BusinessSearchResults--Austin TX--hotelstravel.json,7.435507287303811E+04,1.677569724722029E+02,5E+00,1E+00,200,hotelstravel,Austin TX,3.02672E+01,-9.77431E+01,1660,246,1200
BusinessSearchResults--Austin TX--tours.json,7.435507287303811E+04,3.28891177214564E+01,5E+00,3E+00,200,tours,Austin TX,3.02672E+01,-9.77431E+01,505,36,193
BusinessSearchResults--Austin TX--transport.json,2.9599308263449955E+04,2.149481904770889E+02,5E+00,1E+00,200,transport,Austin TX,3.02672E+01,-9.77431E+01,333,38,261
BusinessSearchResults--Austin TX--localflavor.json,3.410134595003399E+04,6.440913138183583E+00,5E+00,1.5E+00,200,localflavor,Austin TX,3.02672E+01,-9.77431E+01,146,4,91
BusinessSearchResults--Austin TX--localservices.json,4.385674517818081E+04,3.0343098115009127E+02,5E+00,1E+00,200,localservices,Austin TX,3.02672E+01,-9.77431E+01,569,214,4700
BusinessSearchResults--Austin TX--massmedia.json,2.2766027945785572E+04,2.0452655866634584E+02,5E+00,1E+00,200,massmedia,Austin TX,3.02672E+01,-9.77431E+01,282,5,113
BusinessSearchResults--Austin TX--nightlife.json,3.0686575003518752E+04,2.0853466639088128E+02,4.5E+00,3E+00,200,nightlife,Austin TX,3.02672E+01,-9.77431E+01,5580,834,1200
BusinessSearchResults--Austin TX--bars.json,3.0686575003518752E+04,2.0853466639088128E+02,4.5E+00,3E+00,200,bars,Austin TX,3.02672E+01,-9.77431E+01,5580,834,1000
BusinessSearchResults--Austin TX--danceclubs.json,4.001957521412463E+04,4.2030948616940755E+01,5E+00,2E+00,200,danceclubs,Austin TX,3.02672E+01,-9.77431E+01,491,2,50
BusinessSearchResults--Austin TX--pets.json,3.0874549929681434E+04,7.318553334440383E+02,5E+00,2.5E+00,200,pets,Austin TX,3.02672E+01,-9.77431E+01,409,147,1100
BusinessSearchResults--Austin TX--petservices.json,3.2446693139100098E+04,7.318553334440383E+02,5E+00,2E+00,200,petservices,Austin TX,3.02672E+01,-9.77431E+01,327,108,771
BusinessSearchResults--Austin TX--petstore.json,1.082913511934774E+05,1.3826798748420863E+03,5E+00,2E+00,200,petstore,Austin TX,3.02672E+01,-9.77431E+01,198,57,134
BusinessSearchResults--Austin TX--professional.json,3.6217790470408356E+04,5.7415664811719644E+01,5E+00,1E+00,200,professional,Austin TX,3.02672E+01,-9.77431E+01,382,47,2900
BusinessSearchResults--Austin TX--lawyers.json,3.397197438903401E+04,3.032761611395605E+02,5E+00,2E+00,200,lawyers,Austin TX,3.02672E+01,-9.77431E+01,64,18,803
BusinessSearchResults--Austin TX--publicservicesgovt.json,3.5613335437117035E+04,4.3077589322433204E+02,4.5E+00,1E+00,200,publicservicesgovt,Austin TX,3.02672E+01,-9.77431E+01,526,42,306
BusinessSearchResults--Austin TX--realestate.json,2.362071044416997E+04,9.741023678015998E+02,5E+00,1E+00,200,realestate,Austin TX,3.02672E+01,-9.77431E+01,560,95,3800
BusinessSearchResults--Austin TX--realestateagents.json,3.048623630382103E+04,7.464377338195026E+02,5E+00,2E+00,200,realestateagents,Austin TX,3.02672E+01,-9.77431E+01,560,34,1400
BusinessSearchResults--Austin TX--realestatesvcs.json,9.246275148356026E+04,3.722543215439816E+02,5E+00,1E+00,200,realestatesvcs,Austin TX,3.02672E+01,-9.77431E+01,250,29,740
BusinessSearchResults--Austin TX--shopping.json,3.2708162565647624E+04,3.0343098115009127E+02,5E+00,1E+00,200,shopping,Austin TX,3.02672E+01,-9.77431E+01,2102,245,5000
BusinessSearchResults--Austin TX--artsandcrafts.json,3.2703880074686214E+04,2.3470533430900116E+02,5E+00,2.5E+00,200,artsandcrafts,Austin TX,3.02672E+01,-9.77431E+01,721,34,252
BusinessSearchResults--Austin TX--media.json,2.994230102111455E+04,1.545173889390397E+02,4.5E+00,2.5E+00,200,media,Austin TX,3.02672E+01,-9.77431E+01,510,27,104
BusinessSearchResults--Austin TX--fashion.json,3.304661607316485E+04,1.10592973646127E+03,5E+00,1.5E+00,200,fashion,Austin TX,3.02672E+01,-9.77431E+01,368,108,972
BusinessSearchResults--Austin TX--flowers.json,2.744127965101613E+04,1.545173889390397E+02,5E+00,1E+00,200,flowers,Austin TX,3.02672E+01,-9.77431E+01,2102,44,307
BusinessSearchResults--Austin TX--homeandgarden.json,4.465984978099292E+04,1.197726512333516E+03,5E+00,1.5E+00,200,homeandgarden,Austin TX,3.02672E+01,-9.77431E+01,843,124,1100
BusinessSearchResults--Austin TX--sportgoods.json,3.4161547238075174E+04,6.010110210214441E+02,5E+00,2E+00,200,sportgoods,Austin TX,3.02672E+01,-9.77431E+01,326,47,195
BusinessSearchResults--Chicago IL--active.json,4.094481460145275E+04,7.074188374648854E+02,5E+00,2E+00,200,active,Chicago IL,4.18781E+01,-8.76298E+01,1989,250,5000
BusinessSearchResults--Chicago IL--fitness.json,4.1961559412351555E+04,7.77793089292422E+02,4.5E+00,2E+00,200,fitness,Chicago IL,4.18781E+01,-8.76298E+01,577,154,2500
BusinessSearchResults--Chicago IL--arts.json,3.833260572251606E+04,5.136738735049431E+02,5E+00,2.5E+00,200,arts,Chicago IL,4.18781E+01,-8.76298E+01,2110,546,2500
BusinessSearchResults--Chicago IL--movietheaters.json,4.30145181948467E+04,6.713764666150049E+02,5E+00,2E+00,200,movietheaters,Chicago IL,4.18781E+01,-8.76298E+01,1072,94,107
BusinessSearchResults--Chicago IL--museums.json,4.106482530605145E+04,2.587418331806598E+02,5E+00,3E+00,200,museums,Chicago IL,4.18781E+01,-8.76298E+01,2110,35,162
BusinessSearchResults--Chicago IL--wineries.json,1.2810971588304613E+05,1.9912714338294131E+03,5E+00,2E+00,200,wineries,Chicago IL,4.18781E+01,-8.76298E+01,817,1,33
BusinessSearchResults--Chicago IL--social_clubs.json,4.9192817775245785E+04,2.0204900381559327E+01,5E+00,1.5E+00,200,social_clubs,Chicago IL,4.18781E+01,-8.76298E+01,239,2,99
BusinessSearchResults--Chicago IL--auto.json,4.498774390032658E+04,8.704922959476122E+02,5E+00,1E+00,200,auto,Chicago IL,4.18781E+01,-8.76298E+01,1605,312,8100
BusinessSearchResults--Chicago IL--beautysvc.json,2.7311350381561213E+04,7.886376308214008E+02,5E+00,2E+00,200,beautysvc,Chicago IL,4.18781E+01,-8.76298E+01,1183,381,9500
BusinessSearchResults--Chicago IL--hair.json,4.396084466819418E+04,9.447261309260366E+02,5E+00,2.5E+00,200,hair,Chicago IL,4.18781E+01,-8.76298E+01,712,257,3600
BusinessSearchResults--Chicago IL--othersalons.json,4.204743047989455E+04,2.4758766671717106E+02,5E+00,3.5E+00,200,othersalons,Chicago IL,4.18781E+01,-8.76298E+01,578,261,2000
BusinessSearchResults--Chicago IL--tanning.json,4.897754059779511E+04,7.886376308214008E+02,5E+00,2E+00,200,tanning,Chicago IL,4.18781E+01,-8.76298E+01,577,71,241
BusinessSearchResults--Chicago IL--education.json,3.766770905388321E+04,2.6810857572469354E+02,5E+00,1.5E+00,200,education,Chicago IL,4.18781E+01,-8.76298E+01,404,78,3000
BusinessSearchResults--Chicago IL--artclasses.json,5.234771107706602E+04,5.284815886016934E+02,5E+00,3E+00,200,artclasses,Chicago IL,4.18781E+01,-8.76298E+01,136,10,129
BusinessSearchResults--Chicago IL--specialtyschools.json,4.033882451410575E+04,4.5064324683031487E+02,5E+00,3E+00,200,specialtyschools,Chicago IL,4.18781E+01,-8.76298E+01,404,63,971
BusinessSearchResults--Chicago IL--eventservices.json,3.847842434730263E+04,3.5275165840166125E+02,5E+00,2E+00,200,eventservices,Chicago IL,4.18781E+01,-8.76298E+01,4594,609,5500
BusinessSearchResults--Chicago IL--photographers.json,4.45501013512946E+04,8.440948388065186E+02,5E+00,2.5E+00,200,photographers,Chicago IL,4.18781E+01,-8.76298E+01,383,46,1300
BusinessSearchResults--Chicago IL--financialservices.json,4.933300828140833E+04,2.3333664365898258E+02,5E+00,1E+00,200,financialservices,Chicago IL,4.18781E+01,-8.76298E+01,1000,48,3900
BusinessSearchResults--Chicago IL--insurance.json,4.245483840386337E+04,3.535658985071708E+02,5E+00,1E+00,200,insurance,Chicago IL,4.18781E+01,-8.76298E+01,1000,25,1500
BusinessSearchResults--Chicago IL--banks.json,4.717331395507658E+04,2.3333664365898258E+02,4.5E+00,1.5E+00,200,banks,Chicago IL,4.18781E+01,-8.76298E+01,188,19,1100
BusinessSearchResults--Chicago IL--health.json,4.060329300981001E+04,6.047085331810571E+02,5E+00,2.5E+00,200,health,Chicago IL,4.18781E+01,-8.76298E+01,1183,222,15300
BusinessSearchResults--Chicago IL--c_and_mh.json,4.744732997060899E+04,9.217143181465715E+02,5E+00,1E+00,200,c_and_mh,Chicago IL,4.18781E+01,-8.76298E+01,181,17,780
BusinessSearchResults--Chicago IL--dentists.json,3.975683812944442E+04,4.258652393665148E+02,5E+00,2E+00,200,dentists,Chicago IL,4.18781E+01,-8.76298E+01,710,111,3400
BusinessSearchResults--Chicago IL--physicians.json,4.219867233429544E+04,4.257761728719657E+02,4.5E+00,1.5E+00,200,physicians,Chicago IL,4.18781E+01,-8.76298E+01,1068,100,5100
BusinessSearchResults--Chicago IL--medcenters.json,3.490251347504072E+04,5.67352254142725E+02,5E+00,1.5E+00,200,medcenters,Chicago IL,4.18781E+01,-8.76298E+01,343,51,628
BusinessSearchResults--Chicago IL--homeservices.json,4.102673383782099E+04,6.00021445291264E+02,5E+00,1E+00,200,homeservices,Chicago IL,4.18781E+01,-8.76298E+01,1264,388,22400
BusinessSearchResults--Chicago IL--contractors.json,7.565799423673826E+04,1.9665907780967495E+03,5E+00,1.5E+00,200,contractors,Chicago IL,4.18781E+01,-8.76298E+01,419,43,2800
BusinessSearchResults--Chicago IL--electricians.json,7.285905997227754E+04,1.5650578316981403E+03,5E+00,1.5E+00,200,electricians,Chicago IL,4.18781E+01,-8.76298E+01,1170,53,717
BusinessSearchResults--Chicago IL--painters.json,1.9175415445182982E+06,1.0059402325111599E+03,5E+00,2.5E+00,200,painters,Chicago IL,4.18781E+01,-8.76298E+01,307,41,1200
BusinessSearchResults--Chicago IL--plumbing.json,6.558874795734543E+04,4.0726098714341043E+02,5E+00,1.5E+00,200,plumbing,Chicago IL,4.18781E+01,-8.76298E+01,1170,124,1400
BusinessSearchResults--Chicago IL--hotelstravel.json,2.6450514926758628E+04,1.5195744862728398E+00,5E+00,1.5E+00,200,hotelstravel,Chicago IL,4.18781E+01,-8.76298E+01,3844,449,2900
BusinessSearchResults--Chicago IL--tours.json,2.173677632909082E+04,7.293023824214367E+01,5E+00,2E+00,200,tours,Chicago IL,4.18781E+01,-8.76298E+01,1672,87,235
BusinessSearchResults--Chicago IL--transport.json,3.891149737871312E+04,1.5195744862728398E+00,5E+00,1.5E+00,200,transport,Chicago IL,4.18781E+01,-8.76298E+01,2053,104,1200
BusinessSearchResults--Chicago IL--localflavor.json,3.405955729879399E+04,3.2990227308933214E+02,5E+00,1E+00,200,localflavor,Chicago IL,4.18781E+01,-8.76298E+01,865,10,209
BusinessSearchResults--Chicago IL--localservices.json,4.936940099870734E+04,4.4622492621222347E+02,5E+00,1E+00,200,localservices,Chicago IL,4.18781E+01,-8.76298E+01,2414,304,11200
BusinessSearchResults--Chicago IL--massmedia.json,3.655784761109897E+04,5.895112981420101E+02,5E+00,1.5E+00,200,massmedia,Chicago IL,4.18781E+01,-8.76298E+01,174,12,227
BusinessSearchResults--Chicago IL--nightlife.json,1.2146106460200259E+04,3.374731676685439E+02,4.5E+00,3.5E+00,200,nightlife,Chicago IL,4.18781E+01,-8.76298E+01,8091,1269,3200
BusinessSearchResults--Chicago IL--bars.json,1.2146106460200259E+04,3.374731676685439E+02,4.5E+00,3.5E+00,200,bars,Chicago IL,4.18781E+01,-8.76298E+01,8091,1263,2900
BusinessSearchResults--Chicago IL--danceclubs.json,4.238937161800786E+04,9.804278497173526E+02,4E+00,1.5E+00,200,danceclubs,Chicago IL,4.18781E+01,-8.76298E+01,760,22,93
BusinessSearchResults--Chicago IL--pets.json,4.192779857427029E+04,1.394304019289337E+03,5E+00,1.5E+00,200,pets,Chicago IL,4.18781E+01,-8.76298E+01,835,179,2100
BusinessSearchResults--Chicago IL--petservices.json,4.1958751439537766E+04,9.895939791215156E+02,5E+00,1.5E+00,200,petservices,Chicago IL,4.18781E+01,-8.76298E+01,835,151,1500
BusinessSearchResults--Chicago IL--petstore.json,4.1958751439537766E+04,1.0167052976348986E+03,5E+00,1.5E+00,200,petstore,Chicago IL,4.18781E+01,-8.76298E+01,354,90,320
BusinessSearchResults--Chicago IL--professional.json,4.260994378140649E+04,4.289281844650846E+02,5E+00,1E+00,200,professional,Chicago IL,4.18781E+01,-8.76298E+01,1264,99,6400
BusinessSearchResults--Chicago IL--lawyers.json,3.991022546225939E+04,7.228954318655127E+01,5E+00,1E+00,200,lawyers,Chicago IL,4.18781E+01,-8.76298E+01,121,25,2300
BusinessSearchResults--Chicago IL--publicservicesgovt.json,4.091199284508358E+04,1.0535876308193161E+02,4.5E+00,1E+00,200,publicservicesgovt,Chicago IL,4.18781E+01,-8.76298E+01,1437,99,1000
BusinessSearchResults--Chicago IL--realestate.json,4.2153592752626384E+04,5.402154055043909E+02,5E+00,1.5E+00,200,realestate,Chicago IL,4.18781E+01,-8.76298E+01,801,103,5100
BusinessSearchResults--Chicago IL--realestateagents.json,3.8670367557475474E+04,1.0619440126621291E+03,5E+00,2.5E+00,200,realestateagents,Chicago IL,4.18781E+01,-8.76298E+01,801,34,1900
BusinessSearchResults--Chicago IL--realestatesvcs.json,3.2249534857322018E+04,1.0619440126621291E+03,5E+00,1E+00,200,realestatesvcs,Chicago IL,4.18781E+01,-8.76298E+01,404,33,981
BusinessSearchResults--Chicago IL--shopping.json,5.1107692884766075E+04,5.0001328907313814E+02,5E+00,1.5E+00,200,shopping,Chicago IL,4.18781E+01,-8.76298E+01,2414,332,13900
BusinessSearchResults--Chicago IL--artsandcrafts.json,4.4946685751685785E+04,7.565483111224426E+02,5E+00,1E+00,200,artsandcrafts,Chicago IL,4.18781E+01,-8.76298E+01,350,71,640
BusinessSearchResults--Chicago IL--media.json,4.029319580110062E+04,2.2150021266626158E+02,5E+00,2.5E+00,200,media,Chicago IL,4.18781E+01,-8.76298E+01,510,63,371
BusinessSearchResults--Chicago IL--fashion.json,5.2023163083505235E+04,4.464709524923129E+02,4.5E+00,1.5E+00,200,fashion,Chicago IL,4.18781E+01,-8.76298E+01,755,170,2900
BusinessSearchResults--Chicago IL--flowers.json,4.457729031243855E+04,7.721522131185607E+01,5E+00,1E+00,200,flowers,Chicago IL,4.18781E+01,-8.76298E+01,853,99,1000
BusinessSearchResults--Chicago IL--homeandgarden.json,5.1107692884766075E+04,4.464709524923129E+02,5E+00,1.5E+00,200,homeandgarden,Chicago IL,4.18781E+01,-8.76298E+01,2414,173,2400
BusinessSearchResults--Chicago IL--sportgoods.json,3.8367728720659616E+04,1.8539208037198462E+03,5E+00,2.5E+00,200,sportgoods,Chicago IL,4.18781E+01,-8.76298E+01,439,97,599
BusinessSearchResults--New York NY--active.json,4.1740505253425195E+04,1.1558581331650043E+03,5E+00,2E+00,200,active,New York NY,4.07128E+01,-7.4006E+01,2728,322,9700
BusinessSearchResults--New York NY--fitness.json,3.323158969280684E+04,1.7217694236583932E+03,5E+00,1.5E+00,200,fitness,New York NY,4.07128E+01,-7.4006E+01,537,170,5500
BusinessSearchResults--New York NY--arts.json,3.366070625295506E+04,5.669846271315478E+02,4.5E+00,2.5E+00,200,arts,New York NY,4.07128E+01,-7.4006E+01,3389,681,5100
BusinessSearchResults--New York NY--movietheaters.json,3.4675417752761765E+04,7.067864167000071E+02,4.5E+00,2E+00,200,movietheaters,New York NY,4.07128E+01,-7.4006E+01,1012,217,230
BusinessSearchResults--New York NY--museums.json,3.4736732030462284E+04,5.669846271315478E+02,4.5E+00,3E+00,200,museums,New York NY,4.07128E+01,-7.4006E+01,3298,170,291
BusinessSearchResults--New York NY--wineries.json,1.0918494636200235E+05,1.7297833773393072E+03,5E+00,2.5E+00,200,wineries,New York NY,4.07128E+01,-7.4006E+01,288,3,57
BusinessSearchResults--New York NY--social_clubs.json,3.920982573258737E+04,4.700035510483568E+02,5E+00,2E+00,200,social_clubs,New York NY,4.07128E+01,-7.4006E+01,139,10,198
BusinessSearchResults--New York NY--auto.json,4.067960345378863E+04,4.582589830470435E+03,4.5E+00,1.5E+00,200,auto,New York NY,4.07128E+01,-7.4006E+01,1188,304,13300
BusinessSearchResults--New York NY--beautysvc.json,4.040875989735058E+04,6.144138899955491E+02,5E+00,3E+00,200,beautysvc,New York NY,4.07128E+01,-7.4006E+01,2050,540,23800
BusinessSearchResults--New York NY--hair.json,2.0557259147797766E+04,7.372267519272573E+02,5E+00,3E+00,200,hair,New York NY,4.07128E+01,-7.4006E+01,1669,420,8200
BusinessSearchResults--New York NY--othersalons.json,2.8765146681011207E+04,2.3937767466380308E+02,4.5E+00,2E+00,200,othersalons,New York NY,4.07128E+01,-7.4006E+01,1141,258,5500
BusinessSearchResults--New York NY--tanning.json,5.503571783042269E+04,2.98370641657037E+02,5E+00,2E+00,200,tanning,New York NY,4.07128E+01,-7.4006E+01,513,50,341
BusinessSearchResults--New York NY--education.json,2.647883607757051E+04,1.447369563988677E+03,5E+00,2.5E+00,200,education,New York NY,4.07128E+01,-7.4006E+01,724,120,6000
BusinessSearchResults--New York NY--artclasses.json,4.447322604184117E+04,6.548804495782913E+02,5E+00,3E+00,200,artclasses,New York NY,4.07128E+01,-7.4006E+01,186,26,272
BusinessSearchResults--New York NY--specialtyschools.json,2.647883607757051E+04,1.447369563988677E+03,5E+00,3E+00,200,specialtyschools,New York NY,4.07128E+01,-7.4006E+01,572,108,2500
BusinessSearchResults--New York NY--eventservices.json,3.323325167159758E+04,1.107189794099978E+03,4.5E+00,1E+00,200,eventservices,New York NY,4.07128E+01,-7.4006E+01,4338,868,11000
BusinessSearchResults--New York NY--photographers.json,3.297493002815681E+04,3.5775756685182283E+00,5E+00,1.5E+00,200,photographers,New York NY,4.07128E+01,-7.4006E+01,146,48,2400
BusinessSearchResults--New York NY--financialservices.json,4.476705027177678E+04,2.2089331380459933E+02,5E+00,1E+00,200,financialservices,New York NY,4.07128E+01,-7.4006E+01,315,50,5700
BusinessSearchResults--New York NY--insurance.json,4.476705027177678E+04,4.522089217565109E+02,5E+00,1E+00,200,insurance,New York NY,4.07128E+01,-7.4006E+01,305,17,1300
BusinessSearchResults--New York NY--banks.json,5.499296424770571E+04,2.2089331380459933E+02,3.5E+00,1E+00,200,banks,New York NY,4.07128E+01,-7.4006E+01,157,24,2200
BusinessSearchResults--New York NY--health.json,2.921061792760846E+04,2.4397703144146942E+02,5E+00,1E+00,200,health,New York NY,4.07128E+01,-7.4006E+01,834,202,30000
BusinessSearchResults--New York NY--c_and_mh.json,4.118247088151295E+04,5.723742889341702E+02,5E+00,1E+00,200,c_and_mh,New York NY,4.07128E+01,-7.4006E+01,124,18,1100
BusinessSearchResults--New York NY--dentists.json,5.507458577630019E+04,2.4397703144146942E+02,5E+00,1.5E+00,200,dentists,New York NY,4.07128E+01,-7.4006E+01,825,112,7300
BusinessSearchResults--New York NY--physicians.json,4.41849101244952E+04,6.546733081204998E+02,5E+00,1.5E+00,200,physicians,New York NY,4.07128E+01,-7.4006E+01,834,175,14400
BusinessSearchResults--New York NY--medcenters.json,5.531869566537361E+04,6.592128366832077E+02,4E+00,1.5E+00,200,medcenters,New York NY,4.07128E+01,-7.4006E+01,328,74,1000
BusinessSearchResults--New York NY--homeservices.json,4.736212232301045E+04,6.187724755964659E+02,5E+00,1E+00,200,homeservices,New York NY,4.07128E+01,-7.4006E+01,768,189,30000
BusinessSearchResults--New York NY--contractors.json,9.339190978703706E+04,1.639868093273265E+02,5E+00,2.5E+00,200,contractors,New York NY,4.07128E+01,-7.4006E+01,343,34,4000
BusinessSearchResults--New York NY--electricians.json,8.896845531964359E+04,2.5274662813423465E+03,5E+00,1.5E+00,200,electricians,New York NY,4.07128E+01,-7.4006E+01,492,34,1200
BusinessSearchResults--New York NY--painters.json,3.944960979585129E+06,7.402909249537605E+02,5E+00,3.5E+00,200,painters,New York NY,4.07128E+01,-7.4006E+01,239,37,1400
BusinessSearchResults--New York NY--plumbing.json,1.1963173772167826E+05,2.4377067957934646E+03,5E+00,1.5E+00,200,plumbing,New York NY,4.07128E+01,-7.4006E+01,554,86,2500
BusinessSearchResults--New York NY--hotelstravel.json,2.0823271204674045E+04,1.50371542129048E+03,4.5E+00,1.5E+00,200,hotelstravel,New York NY,4.07128E+01,-7.4006E+01,3083,609,6800
BusinessSearchResults--New York NY--tours.json,1.0918494636200235E+05,7.743125683624239E+02,5E+00,1.5E+00,200,tours,New York NY,4.07128E+01,-7.4006E+01,906,130,777
BusinessSearchResults--New York NY--transport.json,6.443116561731158E+04,2.922462573044256E+00,5E+00,1.5E+00,200,transport,New York NY,4.07128E+01,-7.4006E+01,2203,226,3100
BusinessSearchResults--New York NY--localflavor.json,3.6808957878983645E+04,7.417630550663046E+02,5E+00,1E+00,200,localflavor,New York NY,4.07128E+01,-7.4006E+01,231,17,293
BusinessSearchResults--New York NY--localservices.json,4.562386535280391E+04,1.7999000018753958E+02,5E+00,1E+00,200,localservices,New York NY,4.07128E+01,-7.4006E+01,1525,337,23700
BusinessSearchResults--New York NY--massmedia.json,4.037188307403514E+04,3.5775756685182283E+00,5E+00,1E+00,200,massmedia,New York NY,4.07128E+01,-7.4006E+01,389,18,500
BusinessSearchResults--New York NY--nightlife.json,1.2309985811714483E+04,1.531278280168193E+03,4.5E+00,3E+00,200,nightlife,New York NY,4.07128E+01,-7.4006E+01,4443,2002,7500
BusinessSearchResults--New York NY--bars.json,1.1785405965920652E+04,1.531278280168193E+03,4.5E+00,3E+00,200,bars,New York NY,4.07128E+01,-7.4006E+01,4443,1977,6800
BusinessSearchResults--New York NY--danceclubs.json,3.705417174639424E+04,1.5958159220200084E+03,4E+00,2E+00,200,danceclubs,New York NY,4.07128E+01,-7.4006E+01,1090,113,199
BusinessSearchResults--New York NY--pets.json,3.8191084834507405E+04,4.5821473608138194E+02,5E+00,1.5E+00,200,pets,New York NY,4.07128E+01,-7.4006E+01,554,190,3800
BusinessSearchResults--New York NY--petservices.json,4.587202603672652E+04,4.5821473608138194E+02,5E+00,1.5E+00,200,petservices,New York NY,4.07128E+01,-7.4006E+01,554,145,2700
BusinessSearchResults--New York NY--petstore.json,4.024556690723718E+04,6.945361810680788E+02,5E+00,1.5E+00,200,petstore,New York NY,4.07128E+01,-7.4006E+01,336,91,638
BusinessSearchResults--New York NY--professional.json,3.935794146126677E+06,2.4733951602235268E+02,5E+00,1E+00,200,professional,New York NY,4.07128E+01,-7.4006E+01,1284,121,12200
BusinessSearchResults--New York NY--lawyers.json,3.874000590604591E+04,1.7747560292392657E+02,5E+00,1.5E+00,200,lawyers,New York NY,4.07128E+01,-7.4006E+01,263,30,4100
BusinessSearchResults--New York NY--publicservicesgovt.json,1.6076974785953793E+04,3.856844063008263E+02,4.5E+00,1E+00,200,publicservicesgovt,New York NY,4.07128E+01,-7.4006E+01,2150,165,2300
BusinessSearchResults--New York NY--realestate.json,1.3388861427033054E+04,6.220480859650801E+02,5E+00,1.5E+00,200,realestate,New York NY,4.07128E+01,-7.4006E+01,538,110,7600
BusinessSearchResults--New York NY--realestateagents.json,1.3388861427033054E+04,5.371236203733424E+02,5E+00,1.5E+00,200,realestateagents,New York NY,4.07128E+01,-7.4006E+01,504,54,2200
BusinessSearchResults--New York NY--realestatesvcs.json,1.3388861427033054E+04,5.371236203733424E+02,5E+00,1.5E+00,200,realestatesvcs,New York NY,4.07128E+01,-7.4006E+01,504,76,1900
BusinessSearchResults--New York NY--shopping.json,2.647883607757051E+04,5.896256333450567E+02,5E+00,1.5E+00,200,shopping,New York NY,4.07128E+01,-7.4006E+01,1647,402,30000
BusinessSearchResults--New York NY--artsandcrafts.json,6.384834148476863E+04,8.574202864856677E+02,5E+00,2E+00,200,artsandcrafts,New York NY,4.07128E+01,-7.4006E+01,1259,83,1500
BusinessSearchResults--New York NY--media.json,3.310134318514899E+04,5.980014756368124E+02,4.5E+00,3E+00,200,media,New York NY,4.07128E+01,-7.4006E+01,1647,91,882
BusinessSearchResults--New York NY--fashion.json,2.423609060922466E+04,5.896256333450567E+02,5E+00,1.5E+00,200,fashion,New York NY,4.07128E+01,-7.4006E+01,1767,284,7300
BusinessSearchResults--New York NY--flowers.json,3.723890451814729E+04,4.63390966452856E+02,5E+00,1E+00,200,flowers,New York NY,4.07128E+01,-7.4006E+01,2350,113,2400
BusinessSearchResults--New York NY--homeandgarden.json,3.302574899208652E+04,9.581359398717011E+02,5E+00,1.5E+00,200,homeandgarden,New York NY,4.07128E+01,-7.4006E+01,1753,219,5000
BusinessSearchResults--New York NY--sportgoods.json,4.739227123300762E+04,1.0633846449132081E+03,5E+00,2.5E+00,200,sportgoods,New York NY,4.07128E+01,-7.4006E+01,777,109,1200
BusinessSearchResults--Orlando FL--active.json,3.921936897863796E+04,8.667666678870139E+02,5E+00,1E+00,200,active,Orlando FL,2.85384E+01,-8.13789E+01,2618,242,2300
BusinessSearchResults--Orlando FL--fitness.json,2.819335746476535E+04,8.724878217885444E+02,5E+00,2E+00,200,fitness,Orlando FL,2.85384E+01,-8.13789E+01,130,43,826
BusinessSearchResults--Orlando FL--arts.json,3.931970355772454E+04,1.8381740766371036E+02,4.5E+00,2.5E+00,200,arts,Orlando FL,2.85384E+01,-8.13789E+01,1502,193,888
BusinessSearchResults--Orlando FL--movietheaters.json,5.0826026507946925E+04,2.728646662363493E+02,5E+00,1E+00,200,movietheaters,Orlando FL,2.85384E+01,-8.13789E+01,696,1,38
BusinessSearchResults--Orlando FL--museums.json,3.887552571597644E+04,5.24107574845117E+02,5E+00,2E+00,200,museums,Orlando FL,2.85384E+01,-8.13789E+01,561,3,66
BusinessSearchResults--Orlando FL--wineries.json,4.2124318426628764E+04,3.046361564604345E+03,5E+00,3.5E+00,200,wineries,Orlando FL,2.85384E+01,-8.13789E+01,1060,4,14
BusinessSearchResults--Orlando FL--social_clubs.json,3.916484275519256E+04,1.2965548240679624E+02,5E+00,4E+00,200,social_clubs,Orlando FL,2.85384E+01,-8.13789E+01,84,1,29
BusinessSearchResults--Orlando FL--auto.json,2.902291988966865E+04,2.7879644973738496E+03,5E+00,1E+00,200,auto,Orlando FL,2.85384E+01,-8.13789E+01,401,158,3700
BusinessSearchResults--Orlando FL--beautysvc.json,4.169901315943679E+04,1.9022374068987533E+03,5E+00,3E+00,200,beautysvc,Orlando FL,2.85384E+01,-8.13789E+01,441,143,3700
BusinessSearchResults--Orlando FL--hair.json,3.8530921308357996E+04,9.8373881667857E+02,5E+00,2.5E+00,200,hair,Orlando FL,2.85384E+01,-8.13789E+01,348,57,1200
BusinessSearchResults--Orlando FL--othersalons.json,4.169901315943679E+04,1.1974693946993593E+03,4.5E+00,2.5E+00,200,othersalons,Orlando FL,2.85384E+01,-8.13789E+01,286,121,873
BusinessSearchResults--Orlando FL--tanning.json,5.050348961285381E+04,2.206410449613475E+03,5E+00,2.5E+00,200,tanning,Orlando FL,2.85384E+01,-8.13789E+01,40,3,61
BusinessSearchResults--Orlando FL--education.json,7.761983856780177E+04,9.663444749819897E+02,5E+00,2.5E+00,200,education,Orlando FL,2.85384E+01,-8.13789E+01,422,19,870
BusinessSearchResults--Orlando FL--artclasses.json,4.2822676480770024E+04,1.3716968747464784E+03,5E+00,4E+00,200,artclasses,Orlando FL,2.85384E+01,-8.13789E+01,127,1,42
BusinessSearchResults--Orlando FL--specialtyschools.json,8.4273850893084E+04,9.663444749819897E+02,5E+00,1.5E+00,200,specialtyschools,Orlando FL,2.85384E+01,-8.13789E+01,422,12,326
BusinessSearchResults--Orlando FL--eventservices.json,3.921936897863796E+04,3.700435401218342E+02,4.5E+00,1.5E+00,200,eventservices,Orlando FL,2.85384E+01,-8.13789E+01,2621,399,2200
BusinessSearchResults--Orlando FL--photographers.json,1.8157041193035182E+06,8.799138781371467E+01,5E+00,1E+00,200,photographers,Orlando FL,2.85384E+01,-8.13789E+01,68,7,369
BusinessSearchResults--Orlando FL--financialservices.json,2.9210313469859168E+04,2.4535651089773106E+02,5E+00,1E+00,200,financialservices,Orlando FL,2.85384E+01,-8.13789E+01,374,13,1100
BusinessSearchResults--Orlando FL--insurance.json,3.85266428596887E+04,2.4752163942215852E+03,5E+00,1E+00,200,insurance,Orlando FL,2.85384E+01,-8.13789E+01,58,4,332
BusinessSearchResults--Orlando FL--banks.json,3.594778993318563E+04,4.995242110494309E+02,3.5E+00,1E+00,200,banks,Orlando FL,2.85384E+01,-8.13789E+01,186,10,375
BusinessSearchResults--Orlando FL--health.json,2.8249338150595995E+04,7.361205048567796E+02,5E+00,1.5E+00,200,health,Orlando FL,2.85384E+01,-8.13789E+01,345,78,5200
BusinessSearchResults--Orlando FL--c_and_mh.json,8.226956292670825E+04,1.62343591279037E+03,5E+00,1E+00,200,c_and_mh,Orlando FL,2.85384E+01,-8.13789E+01,34,4,171
BusinessSearchResults--Orlando FL--dentists.json,3.595089982784814E+04,7.648443348179059E+02,5E+00,1.5E+00,200,dentists,Orlando FL,2.85384E+01,-8.13789E+01,107,34,892
BusinessSearchResults--Orlando FL--physicians.json,2.8248794674114593E+04,8.560238481520053E+02,5E+00,1E+00,200,physicians,Orlando FL,2.85384E+01,-8.13789E+01,98,37,1900
BusinessSearchResults--Orlando FL--medcenters.json,4.5348257994293206E+04,2.5037644943543582E+03,3.5E+00,1.5E+00,200,medcenters,Orlando FL,2.85384E+01,-8.13789E+01,178,26,255
BusinessSearchResults--Orlando FL--homeservices.json,1.4652943738613E+05,1.9246953163177309E+03,5E+00,1E+00,200,homeservices,Orlando FL,2.85384E+01,-8.13789E+01,379,77,8600
BusinessSearchResults--Orlando FL--contractors.json,1.1672582206048201E+05,3.224057436534062E+00,5E+00,1E+00,200,contractors,Orlando FL,2.85384E+01,-8.13789E+01,117,9,632
BusinessSearchResults--Orlando FL--electricians.json,1.3031820875055998E+05,2.270501989084311E+03,5E+00,1.5E+00,200,electricians,Orlando FL,2.85384E+01,-8.13789E+01,227,8,233
BusinessSearchResults--Orlando FL--painters.json,3.5468070039574658E+06,3.725908513252226E+02,5E+00,1E+00,200,painters,Orlando FL,2.85384E+01,-8.13789E+01,38,6,393
BusinessSearchResults--Orlando FL--plumbing.json,1.4652943738613E+05,1.9246953163177309E+03,5E+00,1E+00,200,plumbing,Orlando FL,2.85384E+01,-8.13789E+01,227,18,311
BusinessSearchResults--Orlando FL--hotelstravel.json,3.163185746012451E+04,3.3644120087609814E+01,4.5E+00,1E+00,200,hotelstravel,Orlando FL,2.85384E+01,-8.13789E+01,2989,444,2100
BusinessSearchResults--Orlando FL--tours.json,1.639898434659598E+05,3.46560311147108E+02,5E+00,1.5E+00,200,tours,Orlando FL,2.85384E+01,-8.13789E+01,880,23,174
BusinessSearchResults--Orlando FL--transport.json,1.2425046047559334E+05,2.9969040822750105E+02,5E+00,1E+00,200,transport,Orlando FL,2.85384E+01,-8.13789E+01,722,38,533
BusinessSearchResults--Orlando FL--localflavor.json,3.916484275519256E+04,6.041503487902518E+02,5E+00,2.5E+00,200,localflavor,Orlando FL,2.85384E+01,-8.13789E+01,310,2,90
BusinessSearchResults--Orlando FL--localservices.json,1.21445749664068E+05,1.8381740766371036E+02,5E+00,1E+00,200,localservices,Orlando FL,2.85384E+01,-8.13789E+01,261,60,3900
BusinessSearchResults--Orlando FL--massmedia.json,6.749965842586987E+04,3.174314643017421E+02,5E+00,1E+00,200,massmedia,Orlando FL,2.85384E+01,-8.13789E+01,88,1,61
BusinessSearchResults--Orlando FL--nightlife.json,4.393598172433252E+04,2.5882558805991926E+02,4.5E+00,2.5E+00,200,nightlife,Orlando FL,2.85384E+01,-8.13789E+01,2982,780,1300
BusinessSearchResults--Orlando FL--bars.json,4.393598172433252E+04,2.5882558805991926E+02,4.5E+00,2.5E+00,200,bars,Orlando FL,2.85384E+01,-8.13789E+01,2982,745,1200
BusinessSearchResults--Orlando FL--danceclubs.json,1.2548912333032684E+05,2.3470985357050532E+02,5E+00,1E+00,200,danceclubs,Orlando FL,2.85384E+01,-8.13789E+01,897,1,44
BusinessSearchResults--Orlando FL--pets.json,6.448758592065025E+04,2.6714316931258236E+03,5E+00,1.5E+00,200,pets,Orlando FL,2.85384E+01,-8.13789E+01,167,57,905
BusinessSearchResults--Orlando FL--petservices.json,6.448758592065025E+04,2.6714316931258236E+03,5E+00,1.5E+00,200,petservices,Orlando FL,2.85384E+01,-8.13789E+01,142,50,624
BusinessSearchResults--Orlando FL--petstore.json,4.318923510061047E+04,2.723673892201151E+03,5E+00,1.5E+00,200,petstore,Orlando FL,2.85384E+01,-8.13789E+01,142,29,156
BusinessSearchResults--Orlando FL--professional.json,3.2627623098905437E+05,2.320100146718171E+02,5E+00,1E+00,200,professional,Orlando FL,2.85384E+01,-8.13789E+01,224,19,2000
BusinessSearchResults--Orlando FL--lawyers.json,3.571449016481231E+04,2.320100146718171E+02,5E+00,1E+00,200,lawyers,Orlando FL,2.85384E+01,-8.13789E+01,113,7,584
BusinessSearchResults--Orlando FL--publicservicesgovt.json,3.822801368201616E+04,1.8273214508025472E+02,4.5E+00,1.5E+00,200,publicservicesgovt,Orlando FL,2.85384E+01,-8.13789E+01,89,18,281
BusinessSearchResults--Orlando FL--realestate.json,1.0803013057805806E+05,2.9982312276407487E+02,5E+00,1E+00,200,realestate,Orlando FL,2.85384E+01,-8.13789E+01,274,30,2000
BusinessSearchResults--Orlando FL--realestateagents.json,1.5235645070749504E+05,3.359128516191593E+02,5E+00,1E+00,200,realestateagents,Orlando FL,2.85384E+01,-8.13789E+01,36,5,465
BusinessSearchResults--Orlando FL--realestatesvcs.json,8.420601765938808E+04,7.050881784545196E+02,5E+00,1E+00,200,realestatesvcs,Orlando FL,2.85384E+01,-8.13789E+01,139,8,462
BusinessSearchResults--Orlando FL--shopping.json,2.653203415973235E+04,3.1327352073190946E+02,5E+00,1E+00,200,shopping,Orlando FL,2.85384E+01,-8.13789E+01,1899,117,5900
BusinessSearchResults--Orlando FL--artsandcrafts.json,4.33188317972295E+04,1.7077137266438103E+03,5E+00,1E+00,200,artsandcrafts,Orlando FL,2.85384E+01,-8.13789E+01,128,17,219
BusinessSearchResults--Orlando FL--media.json,3.89711361346395E+04,7.050881784545196E+02,5E+00,2.5E+00,200,media,Orlando FL,2.85384E+01,-8.13789E+01,220,18,141
BusinessSearchResults--Orlando FL--fashion.json,3.521484921202449E+04,2.5085725264871485E+03,4.5E+00,1.5E+00,200,fashion,Orlando FL,2.85384E+01,-8.13789E+01,306,58,1200
BusinessSearchResults--Orlando FL--flowers.json,4.252000519700534E+04,5.24107574845117E+02,5E+00,1.5E+00,200,flowers,Orlando FL,2.85384E+01,-8.13789E+01,161,29,393
BusinessSearchResults--Orlando FL--homeandgarden.json,3.155683180619388E+04,1.2858246478083213E+03,4.5E+00,1.5E+00,200,homeandgarden,Orlando FL,2.85384E+01,-8.13789E+01,482,57,1100
BusinessSearchResults--Orlando FL--sportgoods.json,3.386518568422549E+04,2.825945134234401E+03,5E+00,2.5E+00,200,sportgoods,Orlando FL,2.85384E+01,-8.13789E+01,149,23,254
